{
  "lookback": 336,
  "block": 168,
  "stride": 6,
  "units": 64,
  "n_layers": 2,
  "dropout": 0.0,
  "epochs": 10,
  "batch": 128,
  "final_loss": 0.03945869952440262,
  "final_val_loss": 0.025090161710977554,
  "runtime_s": 224.6
}