,lb_stat,lb_pvalue
10,3.0509643699745332,0.9801991092780934
20,8.502659324983803,0.9879848037428545
52,36.76611603808679,0.9456409166524351
